image_id,truth,pred_A,pred_B,confidence_A,confidence_B
img_001,0,0,0,0.62,0.69
img_002,0,0,0,0.69,0.8
img_003,0,1,0,0.76,0.91
img_004,0,0,1,0.83,0.63
img_005,0,0,0,0.9,0.74
img_006,0,0,0,0.57,0.85
img_007,0,0,0,0.64,0.96
img_008,0,1,0,0.71,0.68
img_009,0,0,0,0.78,0.79
img_010,0,0,0,0.85,0.9
img_011,1,1,1,0.92,0.62
img_012,1,0,1,0.59,0.73
img_013,1,1,1,0.66,0.84
img_014,1,1,1,0.73,0.95
img_015,1,1,1,0.8,0.67
img_016,1,1,1,0.87,0.78
img_017,1,0,0,0.94,0.89
img_018,1,1,1,0.61,0.61
img_019,1,1,1,0.68,0.72
img_020,1,1,1,0.75,0.83
